<?xml version="1.0" encoding="utf-8" ?>
<dwsync>
<file name="sprite.png" server="vps.arcadehype.com//home/pulsarme/projects/idigital/" local="130156232079166063" remote="130297263010000000" />
<file name="contentPatternTop.png" server="vps.arcadehype.com//home/pulsarme/projects/idigital/" local="130156232079116063" remote="130297263010000000" />
<file name="contentPatternLeft.png" server="vps.arcadehype.com//home/pulsarme/projects/idigital/" local="130156232079116063" remote="130297263010000000" />
<file name="contentPatternRight.png" server="vps.arcadehype.com//home/pulsarme/projects/idigital/" local="130156232079116063" remote="130297263010000000" />
<file name="loader.gif" server="vps.arcadehype.com//home/pulsarme/projects/idigital/" local="130156232079166063" remote="130297263020000000" />
<file name="btnNext.png" server="vps.arcadehype.com//home/pulsarme/projects/idigital/" local="130156232079066063" remote="130297263020000000" />
<file name="btnPrevious.png" server="vps.arcadehype.com//home/pulsarme/projects/idigital/" local="130156232079066063" remote="130297263020000000" />
<file name="contentPatternBottom.png" server="vps.arcadehype.com//home/pulsarme/projects/idigital/" local="130156232079066063" remote="130297263020000000" />
<file name="default_thumbnail.gif" server="vps.arcadehype.com//home/pulsarme/projects/idigital/" local="130156232079116063" remote="130297263020000000" />
</dwsync>