<?xml version="1.0" encoding="utf-8" ?>
<dwsync>
<file name=".jshintrc" server="vps.arcadehype.com//home/pulsarme/projects/idigital/" local="130120608580000000" remote="130309535060000000" />
<file name="jquery-ui.js" server="vps.arcadehype.com//home/pulsarme/projects/idigital/" local="130120608580000000" remote="130309535160000000" />
<file name="jquery.ui.accordion.js" server="vps.arcadehype.com//home/pulsarme/projects/idigital/" local="130120608580000000" remote="130309535170000000" />
<file name="jquery.ui.accordion.min.js" server="vps.arcadehype.com//home/pulsarme/projects/idigital/" local="130191045670013394" remote="130309535170000000" />
<file name="jquery.ui.autocomplete.js" server="vps.arcadehype.com//home/pulsarme/projects/idigital/" local="130120608580000000" remote="130309535170000000" />
<file name="jquery.ui.button.js" server="vps.arcadehype.com//home/pulsarme/projects/idigital/" local="130120608580000000" remote="130309535170000000" />
<file name="jquery.ui.core.js" server="vps.arcadehype.com//home/pulsarme/projects/idigital/" local="130120608580000000" remote="130309535170000000" />
<file name="jquery.ui.datepicker.js" server="vps.arcadehype.com//home/pulsarme/projects/idigital/" local="130120608580000000" remote="130309535170000000" />
<file name="jquery.ui.dialog.js" server="vps.arcadehype.com//home/pulsarme/projects/idigital/" local="130120608580000000" remote="130309535180000000" />
<file name="jquery.ui.draggable.js" server="vps.arcadehype.com//home/pulsarme/projects/idigital/" local="130120608580000000" remote="130309535180000000" />
<file name="jquery.ui.droppable.js" server="vps.arcadehype.com//home/pulsarme/projects/idigital/" local="130120608580000000" remote="130309535180000000" />
<file name="jquery.ui.effect-blind.js" server="vps.arcadehype.com//home/pulsarme/projects/idigital/" local="130120608580000000" remote="130309535180000000" />
<file name="jquery.ui.effect-bounce.js" server="vps.arcadehype.com//home/pulsarme/projects/idigital/" local="130120608580000000" remote="130309535180000000" />
<file name="jquery.ui.effect-clip.js" server="vps.arcadehype.com//home/pulsarme/projects/idigital/" local="130120608580000000" remote="130309535180000000" />
<file name="jquery.ui.effect-drop.js" server="vps.arcadehype.com//home/pulsarme/projects/idigital/" local="130120608580000000" remote="130309535190000000" />
<file name="jquery.ui.effect-explode.js" server="vps.arcadehype.com//home/pulsarme/projects/idigital/" local="130120608580000000" remote="130309535190000000" />
<file name="jquery.ui.effect-fade.js" server="vps.arcadehype.com//home/pulsarme/projects/idigital/" local="130120608580000000" remote="130309535190000000" />
<file name="jquery.ui.effect-fold.js" server="vps.arcadehype.com//home/pulsarme/projects/idigital/" local="130120608580000000" remote="130309535190000000" />
<file name="jquery.ui.effect-highlight.js" server="vps.arcadehype.com//home/pulsarme/projects/idigital/" local="130120608580000000" remote="130309535190000000" />
<file name="jquery.ui.effect-pulsate.js" server="vps.arcadehype.com//home/pulsarme/projects/idigital/" local="130120608580000000" remote="130309535190000000" />
<file name="jquery.ui.effect-scale.js" server="vps.arcadehype.com//home/pulsarme/projects/idigital/" local="130120608580000000" remote="130309535190000000" />
<file name="jquery.ui.effect-shake.js" server="vps.arcadehype.com//home/pulsarme/projects/idigital/" local="130120608580000000" remote="130309535190000000" />
<file name="jquery.ui.effect-slide.js" server="vps.arcadehype.com//home/pulsarme/projects/idigital/" local="130120608580000000" remote="130309535190000000" />
<file name="jquery.ui.effect-transfer.js" server="vps.arcadehype.com//home/pulsarme/projects/idigital/" local="130120608580000000" remote="130309535190000000" />
<file name="jquery.ui.effect.js" server="vps.arcadehype.com//home/pulsarme/projects/idigital/" local="130120608580000000" remote="130309535200000000" />
<file name="jquery.ui.menu.js" server="vps.arcadehype.com//home/pulsarme/projects/idigital/" local="130120608580000000" remote="130309535200000000" />
<file name="jquery.ui.mouse.js" server="vps.arcadehype.com//home/pulsarme/projects/idigital/" local="130120608580000000" remote="130309535200000000" />
<file name="jquery.ui.position.js" server="vps.arcadehype.com//home/pulsarme/projects/idigital/" local="130120608580000000" remote="130309535200000000" />
<file name="jquery.ui.progressbar.js" server="vps.arcadehype.com//home/pulsarme/projects/idigital/" local="130120608580000000" remote="130309535200000000" />
<file name="jquery.ui.resizable.js" server="vps.arcadehype.com//home/pulsarme/projects/idigital/" local="130120608580000000" remote="130309535210000000" />
<file name="jquery.ui.selectable.js" server="vps.arcadehype.com//home/pulsarme/projects/idigital/" local="130120608580000000" remote="130309535210000000" />
<file name="jquery.ui.slider.js" server="vps.arcadehype.com//home/pulsarme/projects/idigital/" local="130120608580000000" remote="130309535210000000" />
<file name="jquery.ui.sortable.js" server="vps.arcadehype.com//home/pulsarme/projects/idigital/" local="130120608580000000" remote="130309535210000000" />
<file name="jquery.ui.sortable.min.js" server="vps.arcadehype.com//home/pulsarme/projects/idigital/" local="130191736797911751" remote="130309535220000000" />
<file name="jquery.ui.spinner.js" server="vps.arcadehype.com//home/pulsarme/projects/idigital/" local="130120608580000000" remote="130309535220000000" />
<file name="jquery.ui.tabs.js" server="vps.arcadehype.com//home/pulsarme/projects/idigital/" local="130120608580000000" remote="130309535220000000" />
<file name="jquery.ui.tooltip.js" server="vps.arcadehype.com//home/pulsarme/projects/idigital/" local="130120608580000000" remote="130309535220000000" />
<file name="jquery.ui.widget.js" server="vps.arcadehype.com//home/pulsarme/projects/idigital/" local="130120608580000000" remote="130309535220000000" />
<file name="jquery.ui.widget.min.js" server="vps.arcadehype.com//home/pulsarme/projects/idigital/" local="130191045966210336" remote="130309535220000000" />
</dwsync>