<?xml version="1.0" encoding="utf-8" ?>
<dwsync>
<file name="1.jpg" server="vps.arcadehype.com//home/pulsarme/projects/idigital/" local="130309248842715979" remote="130309533810000000" Dst="-1" />
<file name="1a.jpg" server="vps.arcadehype.com//home/pulsarme/projects/idigital/" local="130309248626433608" remote="130309533810000000" Dst="-1" />
<file name="2.jpg" server="vps.arcadehype.com//home/pulsarme/projects/idigital/" local="130309245334695331" remote="130309533820000000" Dst="-1" />
<file name="2a.jpg" server="vps.arcadehype.com//home/pulsarme/projects/idigital/" local="130309245070530222" remote="130309533820000000" Dst="-1" />
<file name="3.jpg" server="vps.arcadehype.com//home/pulsarme/projects/idigital/" local="130309250731324001" remote="130309533820000000" Dst="-1" />
<file name="3a.jpg" server="vps.arcadehype.com//home/pulsarme/projects/idigital/" local="130309250394114713" remote="130309533830000000" Dst="-1" />
<file name="4.jpg" server="vps.arcadehype.com//home/pulsarme/projects/idigital/" local="130309254523330891" remote="130309533830000000" Dst="-1" />
<file name="4a.jpg" server="vps.arcadehype.com//home/pulsarme/projects/idigital/" local="130309254717812015" remote="130309533840000000" Dst="-1" />
<file name="5.jpg" server="vps.arcadehype.com//home/pulsarme/projects/idigital/" local="130309256843223581" remote="130309533840000000" Dst="-1" />
<file name="5a.jpg" server="vps.arcadehype.com//home/pulsarme/projects/idigital/" local="130309256702335523" remote="130309533840000000" Dst="-1" />
<file name="1.jpg" server="vps.arcadehype.com//home/pulsarme/wp/alvida/wp-content/themes/iDigital-Theme-v1.0/" local="130452558334107123" remote="130464761620000000" Dst="2" />
<file name="1a.jpg" server="vps.arcadehype.com//home/pulsarme/wp/alvida/wp-content/themes/iDigital-Theme-v1.0/" local="130452558334107123" remote="130464761630000000" Dst="2" />
<file name="2.jpg" server="vps.arcadehype.com//home/pulsarme/wp/alvida/wp-content/themes/iDigital-Theme-v1.0/" local="130452558334263391" remote="130464761630000000" Dst="2" />
<file name="2a.jpg" server="vps.arcadehype.com//home/pulsarme/wp/alvida/wp-content/themes/iDigital-Theme-v1.0/" local="130452558334263391" remote="130464761630000000" Dst="2" />
<file name="3.jpg" server="vps.arcadehype.com//home/pulsarme/wp/alvida/wp-content/themes/iDigital-Theme-v1.0/" local="130452558334263391" remote="130464761630000000" Dst="2" />
<file name="3a.jpg" server="vps.arcadehype.com//home/pulsarme/wp/alvida/wp-content/themes/iDigital-Theme-v1.0/" local="130452558334419655" remote="130464761640000000" Dst="2" />
<file name="4.jpg" server="vps.arcadehype.com//home/pulsarme/wp/alvida/wp-content/themes/iDigital-Theme-v1.0/" local="130452558334419655" remote="130464761640000000" Dst="2" />
<file name="4a.jpg" server="vps.arcadehype.com//home/pulsarme/wp/alvida/wp-content/themes/iDigital-Theme-v1.0/" local="130452558334419655" remote="130464761640000000" Dst="2" />
<file name="5.jpg" server="vps.arcadehype.com//home/pulsarme/wp/alvida/wp-content/themes/iDigital-Theme-v1.0/" local="130452558334419655" remote="130464761640000000" Dst="2" />
<file name="5a.jpg" server="vps.arcadehype.com//home/pulsarme/wp/alvida/wp-content/themes/iDigital-Theme-v1.0/" local="130452558334419655" remote="130464761650000000" Dst="2" />
</dwsync>