<?xml version="1.0" encoding="utf-8" ?>
<dwsync>
<file name="AUTHORS.txt" server="vps.arcadehype.com//home/pulsarme/projects/idigital/" local="130120608580000000" remote="130309535030000000" />
<file name="Gruntfile.js" server="vps.arcadehype.com//home/pulsarme/projects/idigital/" local="130120608580000000" remote="130309535040000000" />
<file name="jquery-1.9.1.js" server="vps.arcadehype.com//home/pulsarme/projects/idigital/" local="130120608580000000" remote="130309535050000000" />
<file name="MANIFEST" server="vps.arcadehype.com//home/pulsarme/projects/idigital/" local="130120608600000000" remote="130309535050000000" />
<file name="MIT-LICENSE.txt" server="vps.arcadehype.com//home/pulsarme/projects/idigital/" local="130120608580000000" remote="130309535050000000" />
<file name="package.json" server="vps.arcadehype.com//home/pulsarme/projects/idigital/" local="130120608580000000" remote="130309535050000000" />
<file name="README.md" server="vps.arcadehype.com//home/pulsarme/projects/idigital/" local="130120608580000000" remote="130309535050000000" />
<file name="ui.accordion.jquery.json" server="vps.arcadehype.com//home/pulsarme/projects/idigital/" local="130120608580000000" remote="130309535370000000" />
<file name="ui.autocomplete.jquery.json" server="vps.arcadehype.com//home/pulsarme/projects/idigital/" local="130120608580000000" remote="130309535370000000" />
<file name="ui.button.jquery.json" server="vps.arcadehype.com//home/pulsarme/projects/idigital/" local="130120608580000000" remote="130309535370000000" />
<file name="ui.core.jquery.json" server="vps.arcadehype.com//home/pulsarme/projects/idigital/" local="130120608580000000" remote="130309535380000000" />
<file name="ui.datepicker.jquery.json" server="vps.arcadehype.com//home/pulsarme/projects/idigital/" local="130120608580000000" remote="130309535380000000" />
<file name="ui.dialog.jquery.json" server="vps.arcadehype.com//home/pulsarme/projects/idigital/" local="130120608580000000" remote="130309535380000000" />
<file name="ui.draggable.jquery.json" server="vps.arcadehype.com//home/pulsarme/projects/idigital/" local="130120608580000000" remote="130309535380000000" />
<file name="ui.droppable.jquery.json" server="vps.arcadehype.com//home/pulsarme/projects/idigital/" local="130120608580000000" remote="130309535380000000" />
<file name="ui.effect-blind.jquery.json" server="vps.arcadehype.com//home/pulsarme/projects/idigital/" local="130120608580000000" remote="130309535380000000" />
<file name="ui.effect-bounce.jquery.json" server="vps.arcadehype.com//home/pulsarme/projects/idigital/" local="130120608580000000" remote="130309535380000000" />
<file name="ui.effect-clip.jquery.json" server="vps.arcadehype.com//home/pulsarme/projects/idigital/" local="130120608580000000" remote="130309535380000000" />
<file name="ui.effect-drop.jquery.json" server="vps.arcadehype.com//home/pulsarme/projects/idigital/" local="130120608580000000" remote="130309535380000000" />
<file name="ui.effect-explode.jquery.json" server="vps.arcadehype.com//home/pulsarme/projects/idigital/" local="130120608580000000" remote="130309535380000000" />
<file name="ui.effect-fade.jquery.json" server="vps.arcadehype.com//home/pulsarme/projects/idigital/" local="130120608580000000" remote="130309535390000000" />
<file name="ui.effect-fold.jquery.json" server="vps.arcadehype.com//home/pulsarme/projects/idigital/" local="130120608580000000" remote="130309535390000000" />
<file name="ui.effect-highlight.jquery.json" server="vps.arcadehype.com//home/pulsarme/projects/idigital/" local="130120608580000000" remote="130309535390000000" />
<file name="ui.effect-pulsate.jquery.json" server="vps.arcadehype.com//home/pulsarme/projects/idigital/" local="130120608580000000" remote="130309535390000000" />
<file name="ui.effect-scale.jquery.json" server="vps.arcadehype.com//home/pulsarme/projects/idigital/" local="130120608580000000" remote="130309535390000000" />
<file name="ui.effect-shake.jquery.json" server="vps.arcadehype.com//home/pulsarme/projects/idigital/" local="130120608580000000" remote="130309535390000000" />
<file name="ui.effect-slide.jquery.json" server="vps.arcadehype.com//home/pulsarme/projects/idigital/" local="130120608580000000" remote="130309535390000000" />
<file name="ui.effect-transfer.jquery.json" server="vps.arcadehype.com//home/pulsarme/projects/idigital/" local="130120608580000000" remote="130309535390000000" />
<file name="ui.effect.jquery.json" server="vps.arcadehype.com//home/pulsarme/projects/idigital/" local="130120608580000000" remote="130309535400000000" />
<file name="ui.menu.jquery.json" server="vps.arcadehype.com//home/pulsarme/projects/idigital/" local="130120608580000000" remote="130309535400000000" />
<file name="ui.mouse.jquery.json" server="vps.arcadehype.com//home/pulsarme/projects/idigital/" local="130120608580000000" remote="130309535400000000" />
<file name="ui.position.jquery.json" server="vps.arcadehype.com//home/pulsarme/projects/idigital/" local="130120608580000000" remote="130309535400000000" />
<file name="ui.progressbar.jquery.json" server="vps.arcadehype.com//home/pulsarme/projects/idigital/" local="130120608580000000" remote="130309535400000000" />
<file name="ui.resizable.jquery.json" server="vps.arcadehype.com//home/pulsarme/projects/idigital/" local="130120608580000000" remote="130309535400000000" />
<file name="ui.selectable.jquery.json" server="vps.arcadehype.com//home/pulsarme/projects/idigital/" local="130120608580000000" remote="130309535400000000" />
<file name="ui.slider.jquery.json" server="vps.arcadehype.com//home/pulsarme/projects/idigital/" local="130120608580000000" remote="130309535400000000" />
<file name="ui.sortable.jquery.json" server="vps.arcadehype.com//home/pulsarme/projects/idigital/" local="130120608580000000" remote="130309535400000000" />
<file name="ui.spinner.jquery.json" server="vps.arcadehype.com//home/pulsarme/projects/idigital/" local="130120608580000000" remote="130309535400000000" />
<file name="ui.tabs.jquery.json" server="vps.arcadehype.com//home/pulsarme/projects/idigital/" local="130120608580000000" remote="130309535410000000" />
<file name="ui.tooltip.jquery.json" server="vps.arcadehype.com//home/pulsarme/projects/idigital/" local="130120608580000000" remote="130309535410000000" />
<file name="ui.widget.jquery.json" server="vps.arcadehype.com//home/pulsarme/projects/idigital/" local="130120608580000000" remote="130309535410000000" />
</dwsync>