<?xml version="1.0" encoding="utf-8" ?>
<dwsync>
<file name="jquery-ui.min.js" server="vps.arcadehype.com//home/pulsarme/wp/plugintests/wp-content/plugins/premium-floorplans/" local="130120608580000000" remote="130281411330000000" />
<file name="jquery.ui.accordion.min.js" server="vps.arcadehype.com//home/pulsarme/wp/plugintests/wp-content/plugins/premium-floorplans/" local="130120608580000000" remote="130281411330000000" />
<file name="jquery.ui.autocomplete.min.js" server="vps.arcadehype.com//home/pulsarme/wp/plugintests/wp-content/plugins/premium-floorplans/" local="130120608580000000" remote="130281411330000000" />
<file name="jquery.ui.button.min.js" server="vps.arcadehype.com//home/pulsarme/wp/plugintests/wp-content/plugins/premium-floorplans/" local="130120608580000000" remote="130281411330000000" />
<file name="jquery.ui.core.min.js" server="vps.arcadehype.com//home/pulsarme/wp/plugintests/wp-content/plugins/premium-floorplans/" local="130120608580000000" remote="130281411330000000" />
<file name="jquery.ui.datepicker.min.js" server="vps.arcadehype.com//home/pulsarme/wp/plugintests/wp-content/plugins/premium-floorplans/" local="130120608580000000" remote="130281411340000000" />
<file name="jquery.ui.dialog.min.js" server="vps.arcadehype.com//home/pulsarme/wp/plugintests/wp-content/plugins/premium-floorplans/" local="130120608580000000" remote="130281411340000000" />
<file name="jquery.ui.draggable.min.js" server="vps.arcadehype.com//home/pulsarme/wp/plugintests/wp-content/plugins/premium-floorplans/" local="130120608580000000" remote="130281411340000000" />
<file name="jquery.ui.droppable.min.js" server="vps.arcadehype.com//home/pulsarme/wp/plugintests/wp-content/plugins/premium-floorplans/" local="130120608580000000" remote="130281411340000000" />
<file name="jquery.ui.effect-blind.min.js" server="vps.arcadehype.com//home/pulsarme/wp/plugintests/wp-content/plugins/premium-floorplans/" local="130120608580000000" remote="130281411340000000" />
<file name="jquery.ui.effect-bounce.min.js" server="vps.arcadehype.com//home/pulsarme/wp/plugintests/wp-content/plugins/premium-floorplans/" local="130120608580000000" remote="130281411340000000" />
<file name="jquery.ui.effect-clip.min.js" server="vps.arcadehype.com//home/pulsarme/wp/plugintests/wp-content/plugins/premium-floorplans/" local="130120608580000000" remote="130281411350000000" />
<file name="jquery.ui.effect-drop.min.js" server="vps.arcadehype.com//home/pulsarme/wp/plugintests/wp-content/plugins/premium-floorplans/" local="130120608580000000" remote="130281411350000000" />
<file name="jquery.ui.effect-explode.min.js" server="vps.arcadehype.com//home/pulsarme/wp/plugintests/wp-content/plugins/premium-floorplans/" local="130120608580000000" remote="130281411350000000" />
<file name="jquery.ui.effect-fade.min.js" server="vps.arcadehype.com//home/pulsarme/wp/plugintests/wp-content/plugins/premium-floorplans/" local="130120608580000000" remote="130281411350000000" />
<file name="jquery.ui.effect-fold.min.js" server="vps.arcadehype.com//home/pulsarme/wp/plugintests/wp-content/plugins/premium-floorplans/" local="130120608580000000" remote="130281411350000000" />
<file name="jquery.ui.effect-highlight.min.js" server="vps.arcadehype.com//home/pulsarme/wp/plugintests/wp-content/plugins/premium-floorplans/" local="130120608580000000" remote="130281411350000000" />
<file name="jquery.ui.effect-pulsate.min.js" server="vps.arcadehype.com//home/pulsarme/wp/plugintests/wp-content/plugins/premium-floorplans/" local="130120608580000000" remote="130281411350000000" />
<file name="jquery.ui.effect-scale.min.js" server="vps.arcadehype.com//home/pulsarme/wp/plugintests/wp-content/plugins/premium-floorplans/" local="130120608580000000" remote="130281411350000000" />
<file name="jquery.ui.effect-shake.min.js" server="vps.arcadehype.com//home/pulsarme/wp/plugintests/wp-content/plugins/premium-floorplans/" local="130120608580000000" remote="130281411350000000" />
<file name="jquery.ui.effect-slide.min.js" server="vps.arcadehype.com//home/pulsarme/wp/plugintests/wp-content/plugins/premium-floorplans/" local="130120608580000000" remote="130281411350000000" />
<file name="jquery.ui.effect-transfer.min.js" server="vps.arcadehype.com//home/pulsarme/wp/plugintests/wp-content/plugins/premium-floorplans/" local="130120608580000000" remote="130281411360000000" />
<file name="jquery.ui.effect.min.js" server="vps.arcadehype.com//home/pulsarme/wp/plugintests/wp-content/plugins/premium-floorplans/" local="130120608580000000" remote="130281411360000000" />
<file name="jquery.ui.menu.min.js" server="vps.arcadehype.com//home/pulsarme/wp/plugintests/wp-content/plugins/premium-floorplans/" local="130120608580000000" remote="130281411360000000" />
<file name="jquery.ui.mouse.min.js" server="vps.arcadehype.com//home/pulsarme/wp/plugintests/wp-content/plugins/premium-floorplans/" local="130120608580000000" remote="130281411360000000" />
<file name="jquery.ui.position.min.js" server="vps.arcadehype.com//home/pulsarme/wp/plugintests/wp-content/plugins/premium-floorplans/" local="130120608580000000" remote="130281411360000000" />
<file name="jquery.ui.progressbar.min.js" server="vps.arcadehype.com//home/pulsarme/wp/plugintests/wp-content/plugins/premium-floorplans/" local="130120608580000000" remote="130281411360000000" />
<file name="jquery.ui.resizable.min.js" server="vps.arcadehype.com//home/pulsarme/wp/plugintests/wp-content/plugins/premium-floorplans/" local="130120608580000000" remote="130281411360000000" />
<file name="jquery.ui.selectable.min.js" server="vps.arcadehype.com//home/pulsarme/wp/plugintests/wp-content/plugins/premium-floorplans/" local="130120608580000000" remote="130281411360000000" />
<file name="jquery.ui.slider.min.js" server="vps.arcadehype.com//home/pulsarme/wp/plugintests/wp-content/plugins/premium-floorplans/" local="130120608580000000" remote="130281411370000000" />
<file name="jquery.ui.sortable.min.js" server="vps.arcadehype.com//home/pulsarme/wp/plugintests/wp-content/plugins/premium-floorplans/" local="130120608580000000" remote="130281411370000000" />
<file name="jquery.ui.spinner.min.js" server="vps.arcadehype.com//home/pulsarme/wp/plugintests/wp-content/plugins/premium-floorplans/" local="130120608580000000" remote="130281411370000000" />
<file name="jquery.ui.tabs.min.js" server="vps.arcadehype.com//home/pulsarme/wp/plugintests/wp-content/plugins/premium-floorplans/" local="130120608580000000" remote="130281411370000000" />
<file name="jquery.ui.tooltip.min.js" server="vps.arcadehype.com//home/pulsarme/wp/plugintests/wp-content/plugins/premium-floorplans/" local="130120608580000000" remote="130281411370000000" />
<file name="jquery.ui.widget.min.js" server="vps.arcadehype.com//home/pulsarme/wp/plugintests/wp-content/plugins/premium-floorplans/" local="130120608580000000" remote="130281411380000000" />
<file name="jquery-ui.min.js" server="vps.arcadehype.com//home/pulsarme/projects/idigital/" local="130120608580000000" remote="130309535320000000" />
<file name="jquery.ui.accordion.min.js" server="vps.arcadehype.com//home/pulsarme/projects/idigital/" local="130120608580000000" remote="130309535320000000" />
<file name="jquery.ui.autocomplete.min.js" server="vps.arcadehype.com//home/pulsarme/projects/idigital/" local="130120608580000000" remote="130309535320000000" />
<file name="jquery.ui.button.min.js" server="vps.arcadehype.com//home/pulsarme/projects/idigital/" local="130120608580000000" remote="130309535320000000" />
<file name="jquery.ui.core.min.js" server="vps.arcadehype.com//home/pulsarme/projects/idigital/" local="130120608580000000" remote="130309535330000000" />
<file name="jquery.ui.datepicker.min.js" server="vps.arcadehype.com//home/pulsarme/projects/idigital/" local="130120608580000000" remote="130309535330000000" />
<file name="jquery.ui.dialog.min.js" server="vps.arcadehype.com//home/pulsarme/projects/idigital/" local="130120608580000000" remote="130309535330000000" />
<file name="jquery.ui.draggable.min.js" server="vps.arcadehype.com//home/pulsarme/projects/idigital/" local="130120608580000000" remote="130309535330000000" />
<file name="jquery.ui.droppable.min.js" server="vps.arcadehype.com//home/pulsarme/projects/idigital/" local="130120608580000000" remote="130309535330000000" />
<file name="jquery.ui.effect-blind.min.js" server="vps.arcadehype.com//home/pulsarme/projects/idigital/" local="130120608580000000" remote="130309535340000000" />
<file name="jquery.ui.effect-bounce.min.js" server="vps.arcadehype.com//home/pulsarme/projects/idigital/" local="130120608580000000" remote="130309535340000000" />
<file name="jquery.ui.effect-clip.min.js" server="vps.arcadehype.com//home/pulsarme/projects/idigital/" local="130120608580000000" remote="130309535340000000" />
<file name="jquery.ui.effect-drop.min.js" server="vps.arcadehype.com//home/pulsarme/projects/idigital/" local="130120608580000000" remote="130309535340000000" />
<file name="jquery.ui.effect-explode.min.js" server="vps.arcadehype.com//home/pulsarme/projects/idigital/" local="130120608580000000" remote="130309535340000000" />
<file name="jquery.ui.effect-fade.min.js" server="vps.arcadehype.com//home/pulsarme/projects/idigital/" local="130120608580000000" remote="130309535340000000" />
<file name="jquery.ui.effect-fold.min.js" server="vps.arcadehype.com//home/pulsarme/projects/idigital/" local="130120608580000000" remote="130309535340000000" />
<file name="jquery.ui.effect-highlight.min.js" server="vps.arcadehype.com//home/pulsarme/projects/idigital/" local="130120608580000000" remote="130309535340000000" />
<file name="jquery.ui.effect-pulsate.min.js" server="vps.arcadehype.com//home/pulsarme/projects/idigital/" local="130120608580000000" remote="130309535340000000" />
<file name="jquery.ui.effect-scale.min.js" server="vps.arcadehype.com//home/pulsarme/projects/idigital/" local="130120608580000000" remote="130309535340000000" />
<file name="jquery.ui.effect-shake.min.js" server="vps.arcadehype.com//home/pulsarme/projects/idigital/" local="130120608580000000" remote="130309535350000000" />
<file name="jquery.ui.effect-slide.min.js" server="vps.arcadehype.com//home/pulsarme/projects/idigital/" local="130120608580000000" remote="130309535350000000" />
<file name="jquery.ui.effect-transfer.min.js" server="vps.arcadehype.com//home/pulsarme/projects/idigital/" local="130120608580000000" remote="130309535350000000" />
<file name="jquery.ui.effect.min.js" server="vps.arcadehype.com//home/pulsarme/projects/idigital/" local="130120608580000000" remote="130309535350000000" />
<file name="jquery.ui.menu.min.js" server="vps.arcadehype.com//home/pulsarme/projects/idigital/" local="130120608580000000" remote="130309535350000000" />
<file name="jquery.ui.mouse.min.js" server="vps.arcadehype.com//home/pulsarme/projects/idigital/" local="130120608580000000" remote="130309535350000000" />
<file name="jquery.ui.position.min.js" server="vps.arcadehype.com//home/pulsarme/projects/idigital/" local="130120608580000000" remote="130309535350000000" />
<file name="jquery.ui.progressbar.min.js" server="vps.arcadehype.com//home/pulsarme/projects/idigital/" local="130120608580000000" remote="130309535350000000" />
<file name="jquery.ui.resizable.min.js" server="vps.arcadehype.com//home/pulsarme/projects/idigital/" local="130120608580000000" remote="130309535350000000" />
<file name="jquery.ui.selectable.min.js" server="vps.arcadehype.com//home/pulsarme/projects/idigital/" local="130120608580000000" remote="130309535360000000" />
<file name="jquery.ui.slider.min.js" server="vps.arcadehype.com//home/pulsarme/projects/idigital/" local="130120608580000000" remote="130309535360000000" />
<file name="jquery.ui.sortable.min.js" server="vps.arcadehype.com//home/pulsarme/projects/idigital/" local="130120608580000000" remote="130309535360000000" />
<file name="jquery.ui.spinner.min.js" server="vps.arcadehype.com//home/pulsarme/projects/idigital/" local="130120608580000000" remote="130309535360000000" />
<file name="jquery.ui.tabs.min.js" server="vps.arcadehype.com//home/pulsarme/projects/idigital/" local="130120608580000000" remote="130309535360000000" />
<file name="jquery.ui.tooltip.min.js" server="vps.arcadehype.com//home/pulsarme/projects/idigital/" local="130120608580000000" remote="130309535360000000" />
<file name="jquery.ui.widget.min.js" server="vps.arcadehype.com//home/pulsarme/projects/idigital/" local="130120608580000000" remote="130309535370000000" />
</dwsync>