<?xml version="1.0" encoding="utf-8" ?>
<dwsync>
<file name="bg_direction_nav.ORIGINAL.png" server="vps.arcadehype.com//home/pulsarme/projects/idigital/" local="130305688563597286" remote="130309534980000000" />
<file name="bg_direction_nav.png" server="vps.arcadehype.com//home/pulsarme/projects/idigital/" local="130305688563707292" remote="130309534990000000" />
<file name="bg_direction_nav2.png" server="vps.arcadehype.com//home/pulsarme/projects/idigital/" local="130305688563827299" remote="130309534990000000" />
<file name="bg_direction_nav_black.png" server="vps.arcadehype.com//home/pulsarme/projects/idigital/" local="130305688563847300" remote="130309534990000000" />
<file name="bg_direction_nav_grey.png" server="vps.arcadehype.com//home/pulsarme/projects/idigital/" local="130305688563867301" remote="130309534990000000" />
<file name="button-next.png" server="vps.arcadehype.com//home/pulsarme/projects/idigital/" local="130305688563887302" remote="130309534990000000" />
<file name="button-previous.png" server="vps.arcadehype.com//home/pulsarme/projects/idigital/" local="130305688563897303" remote="130309534990000000" />
<file name="bg_direction_nav_white.png" server="vps.arcadehype.com//home/pulsarme/projects/idigital/" local="130307686093459042" remote="130307686070000000" />
</dwsync>