<?xml version="1.0" encoding="utf-8" ?>
<dwsync>
<file name="pattern1.png" server="vps.arcadehype.com//home/pulsarme/projects/idigital/" local="130309230336677494" remote="130309533850000000" />
<file name="pattern2.png" server="vps.arcadehype.com//home/pulsarme/projects/idigital/" local="130309230439233360" remote="130309533860000000" />
<file name="pattern3.png" server="vps.arcadehype.com//home/pulsarme/projects/idigital/" local="130309230556900090" remote="130309533860000000" />
<file name="pattern4.png" server="vps.arcadehype.com//home/pulsarme/projects/idigital/" local="130309230734440244" remote="130309533860000000" />
<file name="pattern5.png" server="vps.arcadehype.com//home/pulsarme/projects/idigital/" local="130309230834195950" remote="130309533860000000" />
<file name="pattern6.png" server="vps.arcadehype.com//home/pulsarme/projects/idigital/" local="130309230921700955" remote="130309533860000000" />
<file name="pattern7.png" server="vps.arcadehype.com//home/pulsarme/projects/idigital/" local="130309231300832640" remote="130309533860000000" />
<file name="pattern8.png" server="vps.arcadehype.com//home/pulsarme/projects/idigital/" local="130309231399188266" remote="130309533860000000" />
</dwsync>